{"cameraMode":{"drawMode":0,"name":"Shaded","section":"Shading Mode"},"sceneLighting":false,"audioPlay":false,"sceneViewState":{"m_AlwaysRefresh":false,"showFog":true,"showSkybox":true,"showFlares":true,"showImageEffects":true,"showParticleSystems":true,"showVisualEffectGraphs":true,"m_FxEnabled":true},"in2DMode":false,"pivot":{"x":236.35580444335938,"y":44.33708953857422,"z":196.70394897460938},"rotation":{"x":-0.11124250292778015,"y":-0.30825528502464297,"z":0.036401841789484027,"w":-0.9441553950309753},"size":24.897743225097658,"orthographic":false}