{"cameraMode":{"drawMode":0,"name":"Shaded","section":"Shading Mode"},"sceneLighting":false,"audioPlay":false,"sceneViewState":{"m_AlwaysRefresh":false,"showFog":true,"showSkybox":true,"showFlares":true,"showImageEffects":true,"showParticleSystems":true,"showVisualEffectGraphs":true,"m_FxEnabled":true},"in2DMode":false,"pivot":{"x":166.81686401367188,"y":-12.251057624816895,"z":234.34432983398438},"rotation":{"x":0.23026999831199647,"y":-0.06160636246204376,"z":0.014474846422672272,"w":0.9711322784423828},"size":24.897743225097658,"orthographic":false}