{"cameraMode":{"drawMode":0,"name":"Shaded","section":"Shading Mode"},"sceneLighting":false,"audioPlay":false,"sceneViewState":{"m_AlwaysRefresh":false,"showFog":true,"showSkybox":true,"showFlares":true,"showImageEffects":true,"showParticleSystems":true,"showVisualEffectGraphs":true,"m_FxEnabled":true},"in2DMode":false,"pivot":{"x":115.90392303466797,"y":43.833213806152347,"z":-25.082298278808595},"rotation":{"x":0.193037748336792,"y":0.15521195530891419,"z":-0.03138818219304085,"w":0.9685043096542358},"size":3.2407662868499758,"orthographic":false}