{"cameraMode":{"drawMode":0,"name":"Shaded","section":"Shading Mode"},"sceneLighting":false,"audioPlay":false,"sceneViewState":{"m_AlwaysRefresh":false,"showFog":true,"showSkybox":true,"showFlares":true,"showImageEffects":true,"showParticleSystems":true,"showVisualEffectGraphs":true,"m_FxEnabled":true},"in2DMode":false,"pivot":{"x":144.1009979248047,"y":201.53436279296876,"z":23.932811737060548},"rotation":{"x":0.23014874756336213,"y":0.3982352912425995,"z":-0.10399940609931946,"w":0.8818864226341248},"size":24.897743225097658,"orthographic":false}